{"cameraMode":{"drawMode":0,"name":"Shaded","section":"Shading Mode"},"sceneLighting":true,"audioPlay":false,"sceneViewState":{"showFog":true,"showMaterialUpdate":false,"showSkybox":true,"showFlares":true,"showImageEffects":true,"showParticleSystems":true},"in2DMode":false,"pivot":{"x":14.565423965454102,"y":-5.111926078796387,"z":-1.783651351928711},"rotation":{"x":-0.14257091283798219,"y":-0.8001640439033508,"z":0.20985855162143708,"w":-0.5435543060302734},"size":31.711198806762697,"orthographic":false}