{"cameraMode":{"drawMode":0,"name":"Shaded","section":"Shading Mode"},"sceneLighting":true,"audioPlay":false,"sceneViewState":{"showFog":true,"showMaterialUpdate":false,"showSkybox":true,"showFlares":true,"showImageEffects":true,"showParticleSystems":true},"in2DMode":false,"pivot":{"x":1.2587499618530274,"y":5.0,"z":1.888795018196106},"rotation":{"x":0.23455360531806947,"y":-0.043727364391088489,"z":0.010566110722720623,"w":0.9710813760757446},"size":14.7810697555542,"orthographic":true}