{"cameraMode":{"drawMode":0,"name":"Shaded","section":"Shading Mode"},"sceneLighting":true,"audioPlay":false,"sceneViewState":{"showFog":true,"showMaterialUpdate":false,"showSkybox":true,"showFlares":true,"showImageEffects":true,"showParticleSystems":true},"in2DMode":false,"pivot":{"x":2.2789340019226076,"y":-150.83493041992188,"z":2.4807279109954836},"rotation":{"x":0.2988015413284302,"y":-0.3713395595550537,"z":0.12756557762622834,"w":0.8698000907897949},"size":483.4162292480469,"orthographic":false}