{"cameraMode":{"drawMode":0,"name":"Shaded","section":"Shading Mode"},"sceneLighting":true,"audioPlay":false,"sceneViewState":{"showFog":true,"showMaterialUpdate":false,"showSkybox":true,"showFlares":true,"showImageEffects":true,"showParticleSystems":true},"in2DMode":false,"pivot":{"x":6.465087890625,"y":-0.5244140625,"z":-3.2802734375},"rotation":{"x":0.10877865552902222,"y":0.09527918696403504,"z":-0.01047456357628107,"w":0.9894402623176575},"size":6.368657112121582,"orthographic":true}