{"cameraMode":{"drawMode":0,"name":"Shaded","section":"Shading Mode"},"sceneLighting":true,"audioPlay":false,"sceneViewState":{"showFog":true,"showMaterialUpdate":false,"showSkybox":true,"showFlares":true,"showImageEffects":true,"showParticleSystems":true},"in2DMode":false,"pivot":{"x":4.295567989349365,"y":-2.2523536682128908,"z":1.6274185180664063},"rotation":{"x":0.2975228428840637,"y":0.43865302205085757,"z":-0.1565995067358017,"w":0.8333959579467773},"size":9.071670532226563,"orthographic":false}