{"cameraMode":{"drawMode":0,"name":"Shaded","section":"Shading Mode"},"sceneLighting":true,"audioPlay":false,"sceneViewState":{"showFog":true,"showMaterialUpdate":false,"showSkybox":true,"showFlares":true,"showImageEffects":true,"showParticleSystems":true},"in2DMode":false,"pivot":{"x":3.7298834323883058,"y":0.9884953498840332,"z":0.8278136253356934},"rotation":{"x":0.36002472043037417,"y":-0.273733526468277,"z":0.11137013882398606,"w":0.8849073648452759},"size":8.487883567810059,"orthographic":false}