{"cameraMode":{"drawMode":0,"name":"Shaded","section":"Shading Mode"},"sceneLighting":true,"audioPlay":false,"sceneViewState":{"showFog":true,"showMaterialUpdate":false,"showSkybox":true,"showFlares":true,"showImageEffects":true,"showParticleSystems":true},"in2DMode":false,"pivot":{"x":-17.69846534729004,"y":21.821853637695314,"z":-1.3457145690917969},"rotation":{"x":0.0651450902223587,"y":-0.07924658060073853,"z":0.005189960822463036,"w":0.9947108626365662},"size":16.567596435546876,"orthographic":false}