{"cameraMode":{"drawMode":0,"name":"Shaded","section":"Shading Mode"},"sceneLighting":true,"audioPlay":false,"sceneViewState":{"showFog":true,"showMaterialUpdate":false,"showSkybox":true,"showFlares":true,"showImageEffects":true,"showParticleSystems":true},"in2DMode":false,"pivot":{"x":-1.681732177734375,"y":-1.5374755859375,"z":4.7578125},"rotation":{"x":-0.027740851044654847,"y":-0.9430281519889832,"z":0.3214310109615326,"w":-0.08139867335557938},"size":6.429593563079834,"orthographic":true}